alias,canonical,axis
al-aziz,al-aziz,attribute
aziz,al-aziz,attribute
izza,al-aziz,attribute
izzah,al-aziz,attribute
al-ghani,al-ghani,attribute
divine-independence,al-ghani,attribute
divine-self-sufficiency,al-ghani,attribute
divine-sufficiency,al-ghani,attribute
ghani,al-ghani,attribute
ghina,al-ghani,attribute
istighna,al-ghani,attribute
self-sufficiency,al-ghani,attribute
sufficiency,al-ghani,attribute
al-hakim,al-hakim,attribute
al-khabir,al-hakim,attribute
khabir,al-hakim,attribute
al-jabbar,al-jabbar,attribute
jabbar,al-jabbar,attribute
al-malik,al-mulk,attribute
al-mulk,al-mulk,attribute
divine-sovereignty,al-mulk,attribute
divine-throne,al-mulk,attribute
dominion,al-mulk,attribute
kingdom,al-mulk,attribute
kingship,al-mulk,attribute
mulk,al-mulk,attribute
sovereignty,al-mulk,attribute
al-qadir,al-qadir,attribute
divine-omnipotence,al-qadir,attribute
qadir,al-qadir,attribute
qudrah,al-qadir,attribute
al-wakil,al-wakil,attribute
wakil,al-wakil,attribute
al-rahman,ar-rahman,attribute
ar-rahim,ar-rahman,attribute
ar-rahman,ar-rahman,attribute
al-alim,as-sami,attribute
al-basir,as-sami,attribute
alim,as-sami,attribute
as-sami,as-sami,attribute
basir,as-sami,attribute
divine-hearing,as-sami,attribute
divine-sight,as-sami,attribute
hearing,as-sami,attribute
sami-alim,as-sami,attribute
sight,as-sami,attribute
being-fully-known,divine-knowledge,attribute
being-known,divine-knowledge,attribute
being-seen,divine-knowledge,attribute
divine-knowledge,divine-knowledge,attribute
divine-omniscience,divine-knowledge,attribute
divine-witness,divine-knowledge,attribute
divine-witnessing,divine-knowledge,attribute
encompassment,divine-knowledge,attribute
ihata,divine-knowledge,attribute
observation,divine-knowledge,attribute
omniscience,divine-knowledge,attribute
surveillance,divine-knowledge,attribute
divine-craftsmanship,divine-mercy-attr,attribute
divine-generosity,divine-mercy-attr,attribute
divine-intimacy,divine-mercy-attr,attribute
divine-mercy-attr,divine-mercy-attr,attribute
divine-nearness,divine-mercy-attr,attribute
divine-pleasure,divine-mercy-attr,attribute
divine-presence,divine-mercy-attr,attribute
divine-tenderness,divine-mercy-attr,attribute
maiyyah,divine-mercy-attr,attribute
nearness,divine-mercy-attr,attribute
proximity,divine-mercy-attr,attribute
ridwan,divine-mercy-attr,attribute
asma,divine-names,attribute
divine-attributes,divine-names,attribute
divine-names,divine-names,attribute
names-of-allah,divine-names,attribute
naming,divine-names,attribute
divine-agency,divine-power,attribute
divine-power,divine-power,attribute
divine-address,divine-speech,attribute
divine-speech,divine-speech,attribute
divine-speech-attr,divine-speech,attribute
kalam,divine-speech,attribute
lordship,rabb,attribute
rabb,rabb,attribute
rububiyya,rabb,attribute
rububiyyah,rabb,attribute
divine-transcendence,tanzih,attribute
tabaraka,tanzih,attribute
tanzih,tanzih,attribute
transcendence,tanzih,attribute
cognitive-dissonance,cognitive-dissonance,bridge
hedonic-adaptation,hedonic-adaptation,bridge
hedonic-treadmill,hedonic-adaptation,bridge
identity-protective-cognition,identity-protective-cognition,bridge
tribalism,identity-protective-cognition,bridge
illusion-of-control,illusion-of-control,bridge
motivated-reasoning,motivated-reasoning,bridge
projection,motivated-reasoning,bridge
psychology-of-disbelief,motivated-reasoning,bridge
psychology-of-rejection,motivated-reasoning,bridge
rationalization,motivated-reasoning,bridge
scarcity,scarcity-mindset,bridge
scarcity-mindset,scarcity-mindset,bridge
conformity,social-proof,bridge
social-proof,social-proof,bridge
temporal-discounting,temporal-discounting,bridge
time-and-urgency,temporal-discounting,bridge
aad,aad,character
adam,adam,character
ahl-al-kitab,ahl-al-kitab,character
people-of-the-book,ahl-al-kitab,character
ahzab,ahzab,character
battle-of-the-trench,ahzab,character
battle-of-trench,ahzab,character
angels,angels,character
malaika,angels,character
malaikah,angels,character
badr,badr,character
bani-israel,bani-israil,character
bani-israil,bani-israil,character
banu-nadir,banu-nadir,character
bilqis,bilqis,character
dabbah,dabbah,character
dawud,dawud,character
dhul-qarnayn,dhul-qarnayn,character
harun,harun,character
hoopoe,hoopoe,character
hud,hud,character
hudaybiyya,hudaybiyya,character
hudaybiyyah,hudaybiyya,character
iblis,iblis,character
ibrahim,ibrahim,character
isa,isa,character
al-thaqalan,jinn,character
jinn,jinn,character
jinn-and-mankind,jinn,character
thaqalan,jinn,character
luqman,luqman,character
lut,lut,character
madyan,madyan,character
magicians,magicians,character
maryam,maryam,character
moses,musa,character
musa,musa,character
nuh,nuh,character
people-of-lut,people-of-lut,character
firawn,pharaoh,character
pharaoh,pharaoh,character
qarin,qarin,character
qarun,qarun,character
quraysh,quraysh,character
salih,salih,character
samiri,samiri,character
shuayb,shuayb,character
sulayman,sulayman,character
tabuk,tabuk,character
she-camel,thamud,character
thamud,thamud,character
prophet,the-prophet,character
prophetic-character,the-prophet,character
the-prophet,the-prophet,character
uhud,uhud,character
yaqub,yaqub,character
yunus,yunus,character
yusuf,yusuf,character
bushra,bushra-indhar,device
bushra-indhar,bushra-indhar,device
glad-tidings,bushra-indhar,device
nadhir,bushra-indhar,device
nudhur,bushra-indhar,device
warner,bushra-indhar,device
warning,bushra-indhar,device
wayl,bushra-indhar,device
woe,bushra-indhar,device
dual-address,dual-address,device
taghlib,dual-address,device
idrab,idrab,device
ellipsis,ijaz,device
ijaz,ijaz,device
suppressed-apodosis,ijaz,device
unspecified-object,ijaz,device
asymmetric-address,iltifat,device
asymmetric-grammar,iltifat,device
iltifat,iltifat,device
iltifat-address-shift,iltifat,device
asymmetric-absence,iltizam,device
asymmetry,iltizam,device
contrast,iltizam,device
counterfactual,iltizam,device
duality,iltizam,device
iltizam,iltizam,device
muqabala,iltizam,device
tibaq,iltizam,device
divine-irony,irony,device
divine-reversal,irony,device
irony,irony,device
reversal,irony,device
tazyin,irony,device
istidlal-al-maqul-bil-mahsus,istidlal-bil-mahsus,device
istidlal-bil-mahsus,istidlal-bil-mahsus,device
divine-questioning,istifham-inkari,device
istifham-inkari,istifham-inkari,device
rhetorical-question,istifham-inkari,device
rhetorical-questions,istifham-inkari,device
mathal,mathal,device
parable,mathal,device
parables,mathal,device
mubalagha,mubalagha,device
divine-oath,qasam,device
jawab-al-qasam,qasam,device
oath,qasam,device
oaths,qasam,device
qasam,qasam,device
hasr,qasr,device
hasr-restriction,qasr,device
innama-restriction,qasr,device
qasr,qasr,device
qasr-restriction,qasr,device
restriction,qasr,device
restriction-particle,qasr,device
accumulation,refrain,device
refrain,refrain,device
refrain-structure,refrain,device
repetition,refrain,device
taqdim,taqdim,device
adh-dhariyat,DROP,drop
ahqaf,DROP,drop
al-ahqaf,DROP,drop
al-falaq,DROP,drop
al-fath,DROP,drop
al-furqan,DROP,drop
al-hadid,DROP,drop
al-hashr,DROP,drop
al-hujurat,DROP,drop
al-insan,DROP,drop
al-jathiyah,DROP,drop
al-kahf,DROP,drop
al-layl,DROP,drop
al-maarij,DROP,drop
al-mursalat,DROP,drop
al-qalam,DROP,drop
al-qamar,DROP,drop
al-waqiah,DROP,drop
an-naba,DROP,drop
an-najm,DROP,drop
an-naml,DROP,drop
an-nur,DROP,drop
anbiya,DROP,drop
ankabut,DROP,drop
ar-rum,DROP,drop
as-saffat,DROP,drop
at-tur,DROP,drop
attention-generic,DROP,drop
az-zukhruf,DROP,drop
az-zumar,DROP,drop
balaghah,DROP,drop
balance,DROP,drop
clarity-generic,DROP,drop
closing-ayah,DROP,drop
comfort-generic,DROP,drop
consequence,DROP,drop
control,DROP,drop
fatir,DROP,drop
fussilat,DROP,drop
ghafir,DROP,drop
habit-generic,DROP,drop
hajj,DROP,drop
halu,DROP,drop
hawamim,DROP,drop
journey,DROP,drop
juz-amma,DROP,drop
kaaba,DROP,drop
language,DROP,drop
legacy-generic,DROP,drop
loss,DROP,drop
makkah,DROP,drop
makkan,DROP,drop
makkan-period,DROP,drop
makkan-surah,DROP,drop
makkan-surahs,DROP,drop
makki,DROP,drop
masjid-al-haram,DROP,drop
mecca,DROP,drop
meccan,DROP,drop
meccan-period,DROP,drop
meccan-surah,DROP,drop
morphology,DROP,drop
muminun,DROP,drop
naml,DROP,drop
power,DROP,drop
presence-generic,DROP,drop
purpose-generic,DROP,drop
qaf,DROP,drop
qasas,DROP,drop
recognition-generic,DROP,drop
rhetoric,DROP,drop
saba,DROP,drop
sacred-space,DROP,drop
scale-generic,DROP,drop
silence-generic,DROP,drop
speech,DROP,drop
success-generic,DROP,drop
surah-al-qamar,DROP,drop
surah-an-nur,DROP,drop
surah-architecture,DROP,drop
surah-closing,DROP,drop
surah-muhammad,DROP,drop
surah-qaf,DROP,drop
surah-saba,DROP,drop
surah-sad,DROP,drop
surah-shuara,DROP,drop
ta-ha,DROP,drop
tafsir,DROP,drop
taghabun,DROP,drop
the-open-door,DROP,drop
threshold,DROP,drop
time,DROP,drop
waiting-generic,DROP,drop
ya-sin,DROP,drop
yasin,DROP,drop
active-participle,active-participle,grammar
ism-fail,active-participle,grammar
cognate-accusative,cognate-accusative,grammar
maful-mutlaq,cognate-accusative,grammar
damir-al-fasl,damir-al-fasl,grammar
dual-form,dual-grammar,grammar
dual-grammar,dual-grammar,grammar
fa-of-consequence,fa-of-consequence,grammar
fa-sababiyya,fa-of-consequence,grammar
form-ii,form-ii,grammar
form-ii-intensification,form-ii,grammar
form-ii-intensive,form-ii,grammar
form-iii,form-iii,grammar
form-iii-reciprocity,form-iii,grammar
form-iv,form-iv,grammar
form-iv-causative,form-iv,grammar
form-viii,form-viii,grammar
form-viii-reflexive,form-viii,grammar
form-x,form-x,grammar
form-x-seeking,form-x,grammar
hal-construction,hal-construction,grammar
am-munqatia,istithna,grammar
exception,istithna,grammar
istithna,istithna,grammar
lam-of-purpose,lam-of-purpose,grammar
nun-al-tawkid,nun-al-tawkid,grammar
partitive-min,partitive-min,grammar
divine-passive,passive-voice,grammar
passive-voice,passive-voice,grammar
passive-voice-theology,passive-voice,grammar
qiraat,qiraat,grammar
qiraat-variation,qiraat,grammar
perfect-vs-imperfect-tense,tense-asymmetry,grammar
tense-asymmetry,tense-asymmetry,grammar
aql,aql,state
cognition,aql,state
faculties,aql,state
intellect,aql,state
perception,aql,state
reason,aql,state
recognition,aql,state
certainty,certainty,state
conviction,certainty,state
yaqeen,certainty,state
yaqin,certainty,state
courage,courage,state
strength,courage,state
desire,desire,state
hawa,desire,state
lust,desire,state
dignity,dignity,state
honor,dignity,state
human-dignity,dignity,state
status,dignity,state
vulnerability,dignity,state
conjecture,doubt,state
doubt,doubt,state
suspicion,doubt,state
uncertainty,doubt,state
zann,doubt,state
betrayal,enmity,state
enmity,enmity,state
envy,envy,state
ghayz,envy,state
hasad,envy,state
abandonment,grief,state
anxiety,grief,state
despair,grief,state
distress,grief,state
grief,grief,state
iblas,grief,state
suffering,grief,state
blindness,hardness-of-heart,state
hardness-of-heart,hardness-of-heart,state
spiritual-blindness,hardness-of-heart,state
fear-and-hope,hope,state
hope,hope,state
husn-al-zann,hope,state
optimism,hope,state
raja,hope,state
humility,humility,state
islam,humility,state
submission,humility,state
surrender,humility,state
taslim,humility,state
haste,impatience,state
impatience,impatience,state
istijal,impatience,state
procrastination,impatience,state
comfort,joy,state
consolation,joy,state
contentment,joy,state
ease,joy,state
inner-peace,joy,state
joy,joy,state
peace,joy,state
rest,joy,state
salam,joy,state
tranquility,joy,state
awe,khashyah,state
khashya,khashyah,state
khashyah,khashyah,state
reverence,khashyah,state
dread,khawf,state
fear,khawf,state
fright,khawf,state
ishfaq,khawf,state
khawf,khawf,state
attention,khushu,state
dhawq,khushu,state
khushu,khushu,state
listening,khushu,state
presence,khushu,state
taste,khushu,state
attachment,love,state
intimacy,love,state
love,love,state
mahabbah,love,state
martyrdom,martyrdom,state
salihin,martyrdom,state
shahid,martyrdom,state
identity,nafs,state
inner-life,nafs,state
interior-life,nafs,state
nafs,nafs,state
self-examination,nafs,state
self-knowledge,nafs,state
soul,nafs,state
the-nafs,nafs,state
the-self,nafs,state
the-soul,nafs,state
heart,qalb,state
hearts,qalb,state
qalb,qalb,state
the-heart,qalb,state
blame,regret,state
confession,regret,state
conscience,regret,state
regret,regret,state
divine-patience,restraint,state
divine-restraint,restraint,state
forbearance,restraint,state
hilm,restraint,state
restraint,restraint,state
delusion,self-deception,state
false-security,self-deception,state
illusion,self-deception,state
self-deception,self-deception,state
accountability,accountability,theme
ajr,accountability,theme
amal-salih,accountability,theme
collective-responsibility,accountability,theme
deeds,accountability,theme
exposure,accountability,theme
hisab,accountability,theme
ihbat-al-amal,accountability,theme
individual-accountability,accountability,theme
individual-responsibility,accountability,theme
mizan,accountability,theme
qada,accountability,theme
reckoning,accountability,theme
responsibility,accountability,theme
righteous-deeds,accountability,theme
scale,accountability,theme
self-accountability,accountability,theme
the-record,accountability,theme
witness,accountability,theme
witnessing,accountability,theme
afterlife,akhirah,theme
akhira,akhirah,theme
akhirah,akhirah,theme
dunya-akhira,akhirah,theme
eschatology,akhirah,theme
eternity,akhirah,theme
finality,akhirah,theme
hereafter,akhirah,theme
khulud,akhirah,theme
liqa-allah,akhirah,theme
masir,akhirah,theme
meeting-allah,akhirah,theme
the-last-day,akhirah,theme
wad,akhirah,theme
arrogance,arrogance,theme
ego,arrogance,theme
ghurur,arrogance,theme
istikbar,arrogance,theme
kibr,arrogance,theme
pride,arrogance,theme
takabbur,arrogance,theme
barzakh,barzakh,theme
charity,charity,theme
generosity,charity,theme
infaq,charity,theme
qard-hasan,charity,theme
sadaqah,charity,theme
spending,charity,theme
zakah,charity,theme
zakat,charity,theme
belonging,community,theme
brotherhood,community,theme
community,community,theme
disagreement,community,theme
division,community,theme
fragmentation,community,theme
sectarianism,community,theme
separation,community,theme
shura,community,theme
social-fabric,community,theme
social-pressure,community,theme
ummah,community,theme
unity,community,theme
universality,community,theme
ahd,covenant,theme
covenant,covenant,theme
mithaq,covenant,theme
aging,creation,theme
bashar,creation,theme
creation,creation,theme
human-nature,creation,theme
human-origin,creation,theme
khalq,creation,theme
kun-fayakun,creation,theme
purpose,creation,theme
tabdil,creation,theme
taswiyah,creation,theme
transformation,creation,theme
astray,dalal,theme
dalal,dalal,theme
dalalah,dalal,theme
going-astray,dalal,theme
idlal,dalal,theme
misguidance,dalal,theme
death,death,theme
mawt,death,theme
mortality,death,theme
avoidance,denial,theme
denial,denial,theme
irad,denial,theme
istihza,denial,theme
mockery,denial,theme
refusal,denial,theme
rejection,denial,theme
takdhib,denial,theme
takdhib-denial,denial,theme
tawalli,denial,theme
turning-away,denial,theme
dhikr,dhikr,theme
dhikra,dhikr,theme
memory,dhikr,theme
remembrance,dhikr,theme
reminder,dhikr,theme
tadhakkur,dhikr,theme
adl,divine-justice,theme
divine-justice,divine-justice,theme
justice,divine-justice,theme
mercy-and-justice,divine-justice,theme
qist,divine-justice,theme
theodicy,divine-justice,theme
abundance,divine-mercy,theme
ala,divine-mercy,theme
ala-favors,divine-mercy,theme
barakah,divine-mercy,theme
blessing,divine-mercy,theme
blessings,divine-mercy,theme
divine-favor,divine-mercy,theme
divine-favors,divine-mercy,theme
divine-grace,divine-mercy,theme
divine-mercy,divine-mercy,theme
fadl,divine-mercy,theme
grace,divine-mercy,theme
hidden-mercy,divine-mercy,theme
mercy,divine-mercy,theme
nima,divine-mercy,theme
nimah,divine-mercy,theme
rahma,divine-mercy,theme
rahmah,divine-mercy,theme
warning-as-mercy,divine-mercy,theme
divine-pedagogy,divine-pedagogy,theme
imla-respite,divine-pedagogy,theme
istidraj,divine-pedagogy,theme
respite,divine-pedagogy,theme
amn,divine-protection,theme
divine-care,divine-protection,theme
divine-protection,divine-protection,theme
divine-rescue,divine-protection,theme
hifz,divine-protection,theme
istiadha,divine-protection,theme
protection,divine-protection,theme
refuge,divine-protection,theme
security,divine-protection,theme
shelter,divine-protection,theme
affliction,divine-testing,theme
bala,divine-testing,theme
divine-testing,divine-testing,theme
fitna,divine-testing,theme
fitnah,divine-testing,theme
haraj,divine-testing,theme
hardship,divine-testing,theme
ibtila,divine-testing,theme
kabad,divine-testing,theme
test,divine-testing,theme
testing,divine-testing,theme
trial,divine-testing,theme
divine-call,dua,theme
divine-response,dua,theme
dua,dua,theme
istijaba,dua,theme
najwa,dua,theme
nida,dua,theme
prophetic-prayer,dua,theme
supplication,dua,theme
dunya,dunya,theme
illusion-of-permanence,dunya,theme
impermanence,dunya,theme
permanence,dunya,theme
transience,dunya,theme
bukhl,economics,theme
divine-ownership,economics,theme
economics,economics,theme
faqr,economics,theme
israf,economics,theme
mata,economics,theme
materialism,economics,theme
ownership,economics,theme
reciprocity,economics,theme
stinginess,economics,theme
throne,economics,theme
wealth,economics,theme
children,family,theme
companionship,family,theme
divorce,family,theme
family,family,theme
household,family,theme
inheritance,family,theme
kinship,family,theme
lineage,family,theme
marriage,family,theme
masakin,family,theme
mawadda,family,theme
mawaddah,family,theme
motherhood,family,theme
parents,family,theme
prophetic-household,family,theme
reconciliation,family,theme
women,family,theme
fitra,fitrah,theme
fitrah,fitrah,theme
agency,free-will,theme
choice,free-will,theme
free-will,free-will,theme
freedom,free-will,theme
kasb,free-will,theme
ghayb,ghayb,theme
ilm-al-ghayb,ghayb,theme
malakut,ghayb,theme
mystery,ghayb,theme
the-unseen,ghayb,theme
unseen,ghayb,theme
gratitude,gratitude,theme
ingratitude,gratitude,theme
kufr-as-ingratitude,gratitude,theme
shukr,gratitude,theme
distraction,heedlessness,theme
forgetting,heedlessness,theme
ghafla,heedlessness,theme
ghaflah,heedlessness,theme
heedlessness,heedlessness,theme
laghw,heedlessness,theme
lahw,heedlessness,theme
nisyan,heedlessness,theme
silence,heedlessness,theme
basirah,hidayah,theme
guidance,hidayah,theme
hidayah,hidayah,theme
huda,hidayah,theme
hudan,hidayah,theme
irat-mustaqim,hidayah,theme
rushd,hidayah,theme
sabil,hidayah,theme
sirat-mustaqim,hidayah,theme
straight-path,hidayah,theme
baghtatan,history,theme
civilizational-collapse,history,theme
destroyed-nations,history,theme
destruction,history,theme
flood,history,theme
generations,history,theme
history,history,theme
ihlak,history,theme
legacy,history,theme
nations,history,theme
qaryah,history,theme
qurun,history,theme
ruins,history,theme
sayhah,history,theme
travel,history,theme
cosmic-worship,ibadah,theme
ibadah,ibadah,theme
obedience,ibadah,theme
qunut,ibadah,theme
ritual,ibadah,theme
servanthood,ibadah,theme
servitude,ibadah,theme
tahiyyah,ibadah,theme
ubudiyyah,ibadah,theme
worship,ibadah,theme
ihsan,ihsan,theme
hanif,ikhlas,theme
ikhlas,ikhlas,theme
intention,ikhlas,theme
niyyah,ikhlas,theme
sincerity,ikhlas,theme
ikhtilaf,ikhtilaf,theme
belief,iman,theme
believers,iman,theme
faith,iman,theme
faith-and-works,iman,theme
faith-under-pressure,iman,theme
iman,iman,theme
intercession,intercession,theme
shafaah,intercession,theme
istighfar,istighfar,theme
ancestral-conformity,ittiba-al-aba,theme
following-forefathers,ittiba-al-aba,theme
inherited-belief,ittiba-al-aba,theme
ittiba-al-aba,ittiba-al-aba,theme
fire,jahannam,theme
hell,jahannam,theme
hellfire,jahannam,theme
jahannam,jahannam,theme
abrar,jannah,theme
gardens,jannah,theme
hasanah,jannah,theme
jannah,jannah,theme
paradise,jannah,theme
tayyibat,jannah,theme
divine-help,jihad,theme
intisar,jihad,theme
jihad,jihad,theme
nasr,jihad,theme
nusrah,jihad,theme
strength-jihad,jihad,theme
striving,jihad,theme
struggle,jihad,theme
victory,jihad,theme
ajr-reward,judgment,theme
divine-judgment,judgment,theme
fawz,judgment,theme
jaza,judgment,theme
judgment,judgment,theme
recompense,judgment,theme
reward,judgment,theme
vindication,judgment,theme
deception,kayd,theme
futility,kayd,theme
kayd,kayd,theme
magic,kayd,theme
makr,kayd,theme
plotting,kayd,theme
sihr,kayd,theme
waswasa,kayd,theme
whisper,kayd,theme
discernment,knowledge,theme
epistemic-humility,knowledge,theme
epistemology,knowledge,theme
ignorance,knowledge,theme
ilm,knowledge,theme
knowledge,knowledge,theme
knowledge-of-the-unseen,knowledge,theme
disbelief,kufr,theme
fisq,kufr,theme
juhud,kufr,theme
kufr,kufr,theme
kufr-an-nima,kufr,theme
kufr-as-covering,kufr,theme
kufran,kufr,theme
adab,law-and-ethics,theme
akhlaq,law-and-ethics,theme
amanah,law-and-ethics,theme
birr,law-and-ethics,theme
body-language,law-and-ethics,theme
boundaries,law-and-ethics,theme
character,law-and-ethics,theme
chastity,law-and-ethics,theme
concealment,law-and-ethics,theme
divine-permission,law-and-ethics,theme
fahisha,law-and-ethics,theme
fiqh,law-and-ethics,theme
halal,law-and-ethics,theme
haram,law-and-ethics,theme
hijab,law-and-ethics,theme
hospitality,law-and-ethics,theme
hudud,law-and-ethics,theme
hukm,law-and-ethics,theme
idhn,law-and-ethics,theme
istidhan,law-and-ethics,theme
law-and-ethics,law-and-ethics,theme
maruf,law-and-ethics,theme
modesty,law-and-ethics,theme
permission,law-and-ethics,theme
privacy,law-and-ethics,theme
righteousness,law-and-ethics,theme
sacrifice,law-and-ethics,theme
sin,law-and-ethics,theme
speech-ethics,law-and-ethics,theme
stewardship,law-and-ethics,theme
taklif,law-and-ethics,theme
the-tongue,law-and-ethics,theme
tongue,law-and-ethics,theme
authority,leadership,theme
hierarchy,leadership,theme
istikhlaf,leadership,theme
khilafah,leadership,theme
leadership,leadership,theme
stewardship-leadership,leadership,theme
succession,leadership,theme
sultan,leadership,theme
afuw,maghfira,theme
afw,maghfira,theme
divine-forgiveness,maghfira,theme
forgiveness,maghfira,theme
maghfira,maghfira,theme
maghfirah,maghfira,theme
pardon,maghfira,theme
muqattaat,muqattaat,theme
cosmic-order,nature,theme
cosmology,nature,theme
cosmos,nature,theme
darkness,nature,theme
earth,nature,theme
light,nature,theme
mountains,nature,theme
nature,nature,theme
night,nature,theme
night-and-day,nature,theme
nur,nature,theme
rain,nature,theme
taskhir,nature,theme
water,nature,theme
wind,nature,theme
hypocrisy,nifaq,theme
munafiqun,nifaq,theme
nifaq,nifaq,theme
deliverance,persecution,theme
escape,persecution,theme
exile,persecution,theme
hijra,persecution,theme
hijrah,persecution,theme
isolation,persecution,theme
najah,persecution,theme
najat,persecution,theme
persecution,persecution,theme
rescue,persecution,theme
weakness,persecution,theme
accusation,polemic,theme
buhtan,polemic,theme
burden-of-proof,polemic,theme
challenge,polemic,theme
dialogue,polemic,theme
disputation,polemic,theme
dispute,polemic,theme
excuses,polemic,theme
fabrication,polemic,theme
falsehood,polemic,theme
hujjah,polemic,theme
ifk,polemic,theme
iftira,polemic,theme
jadal,polemic,theme
jidal,polemic,theme
opposition,polemic,theme
polemic,polemic,theme
qadhf,polemic,theme
slander,polemic,theme
messengers,prophethood,theme
prophecy,prophethood,theme
prophethood,prophethood,theme
prophetic-continuity,prophethood,theme
prophetic-mission,prophethood,theme
prophets,prophethood,theme
rasul,prophethood,theme
risalah,prophethood,theme
rusul,prophethood,theme
shahada,prophethood,theme
shahadah,prophethood,theme
testimony,prophethood,theme
divine-attention,prophetic-consolation,theme
prophetic-authority,prophetic-consolation,theme
prophetic-comfort,prophetic-consolation,theme
prophetic-consolation,prophetic-consolation,theme
prophetic-grief,prophetic-consolation,theme
prophetic-humility,prophetic-consolation,theme
prophetic-restraint,prophetic-consolation,theme
balagh,prophetic-method,theme
dawah,prophetic-method,theme
indhar,prophetic-method,theme
prophetic-address,prophetic-method,theme
prophetic-burden,prophetic-method,theme
prophetic-confrontation,prophetic-method,theme
prophetic-history,prophetic-method,theme
prophetic-method,prophetic-method,theme
prophetic-pattern,prophetic-method,theme
prophetic-stories,prophetic-method,theme
prophetic-vulnerability,prophetic-method,theme
say,prophetic-method,theme
adhab,punishment,theme
disgrace,punishment,theme
divine-forbearance,punishment,theme
divine-punishment,punishment,theme
divine-warning,punishment,theme
humiliation,punishment,theme
intiqam,punishment,theme
nakir,punishment,theme
punishment,punishment,theme
wrath,punishment,theme
ajal,qadar,theme
ajal-musamma,qadar,theme
appointed-term,qadar,theme
contingency,qadar,theme
decree,qadar,theme
divine-decree,qadar,theme
divine-pattern,qadar,theme
divine-pledge,qadar,theme
divine-promise,qadar,theme
divine-timing,qadar,theme
divine-will,qadar,theme
in-sha-allah,qadar,theme
iradah,qadar,theme
mashia,qadar,theme
mashiah,qadar,theme
promise,qadar,theme
providence,qadar,theme
qadar,qadar,theme
qadr,qadar,theme
sunnah-of-allah,qadar,theme
sunnat-allah,qadar,theme
taqdir,qadar,theme
day-of-judgment,qiyamah,theme
hour,qiyamah,theme
judgment-day,qiyamah,theme
qiyamah,qiyamah,theme
the-day,qiyamah,theme
the-hour,qiyamah,theme
yawm-al-din,qiyamah,theme
yawm-al-fasl,qiyamah,theme
yawm-al-qiyamah,qiyamah,theme
criterion,quran,theme
divine-record,quran,theme
furqan,quran,theme
kitab,quran,theme
lawh,quran,theme
lawh-mahfuz,quran,theme
quran,quran,theme
recitation,quran,theme
scripture,quran,theme
tilawah,quran,theme
bas,resurrection,theme
bath,resurrection,theme
gathering,resurrection,theme
hashr,resurrection,theme
naba,resurrection,theme
nushur,resurrection,theme
resurrection,resurrection,theme
revival,resurrection,theme
divine-command,revelation,theme
gradual-revelation,revelation,theme
imla,revelation,theme
revelation,revelation,theme
tanzil,revelation,theme
wahy,revelation,theme
divine-economy,rizq,theme
divine-provision,rizq,theme
divine-sustenance,rizq,theme
provision,rizq,theme
rizq,rizq,theme
sustenance,rizq,theme
taysir,rizq,theme
discipline,sabr,theme
firmness,sabr,theme
habit,sabr,theme
istiqama,sabr,theme
istiqamah,sabr,theme
patience,sabr,theme
perseverance,sabr,theme
sabr,sabr,theme
steadfastness,sabr,theme
thabat,sabr,theme
waiting,sabr,theme
night-prayer,salah,theme
prayer,salah,theme
prostration,salah,theme
qiyam-al-layl,salah,theme
sajdah,salah,theme
salah,salah,theme
sujud,salah,theme
tahajjud,salah,theme
falah,salvation,theme
fawz-salvation,salvation,theme
salvation,salvation,theme
success,salvation,theme
tamkeen,salvation,theme
tamkin,salvation,theme
vindication-salvation,salvation,theme
enmity-of-shaytan,shaytan,theme
shaytan,shaytan,theme
false-gods,shirk,theme
idolatry,shirk,theme
idols,shirk,theme
ill-omen,shirk,theme
ittikhadh,shirk,theme
shirk,shirk,theme
superstition,shirk,theme
taghut,shirk,theme
tatayyur,shirk,theme
ayah,signs,theme
ayah-as-sign,signs,theme
ayat,signs,theme
ayat-allah,signs,theme
ayat-kawniyyah,signs,theme
bayyinah,signs,theme
bayyinat,signs,theme
beauty,signs,theme
burhan,signs,theme
cosmic-signs,signs,theme
dalil,signs,theme
divine-signs,signs,theme
evidence,signs,theme
istidlal,signs,theme
miracle,signs,theme
sign,signs,theme
signs,signs,theme
signs-in-creation,signs,theme
signs-of-allah,signs,theme
baghy,social-justice,theme
corruption,social-justice,theme
dhulm,social-justice,theme
fasad,social-justice,theme
oppression,social-justice,theme
social-justice,social-justice,theme
transgression,social-justice,theme
tughyan,social-justice,theme
tyranny,social-justice,theme
wrongdoing,social-justice,theme
zulm,social-justice,theme
reflection,tadabbur,theme
tadabbur,tadabbur,theme
tafakkur,tadabbur,theme
fear-of-allah,taqwa,theme
taqwa,taqwa,theme
taqwa-as-shield,taqwa,theme
hamd,tasbih,theme
tasbih,tasbih,theme
dependence,tawakkul,theme
dependency,tawakkul,theme
tafwid,tawakkul,theme
tawakkul,tawakkul,theme
trust,tawakkul,theme
awwab,tawbah,theme
inaba,tawbah,theme
inabah,tawbah,theme
repentance,tawbah,theme
return,tawbah,theme
return-to-allah,tawbah,theme
ruju,tawbah,theme
tawba,tawbah,theme
tawbah,tawbah,theme
tawhid,tawhid,theme
uluhiyya,tawhid,theme
uluhiyyah,tawhid,theme
worship-worthiness,tawhid,theme
islah,tazkiyah,theme
purification,tazkiyah,theme
purity,tazkiyah,theme
self-purification,tazkiyah,theme
tahara,tazkiyah,theme
tazkiyah,tazkiyah,theme
al-haqq,truth,theme
bil-haqq,truth,theme
clarity,truth,theme
haqq,truth,theme
integrity,truth,theme
sidq,truth,theme
tasdiq,truth,theme
truth,truth,theme
truthfulness,truth,theme
allegiance,wilayah,theme
awliya,wilayah,theme
baraa,wilayah,theme
disavowal,wilayah,theme
dissociation,wilayah,theme
following,wilayah,theme
ittiba,wilayah,theme
loyalty,wilayah,theme
mawla,wilayah,theme
walaya,wilayah,theme
wali,wilayah,theme
wilayah,wilayah,theme
divine-wisdom,wisdom,theme
hikmah,wisdom,theme
wisdom,wisdom,theme
